Name,Type.1,Type.2,Total,HP,Attack,Defense,Sp..Atk,Sp..Def,Speed,Generation,Legendary,Win_rate,Type1_Win_rate
Bulbasaur,Grass,Poison,318,45,49,49,65,65,45,1,False,0.17,0.446001838
Ivysaur,Grass,Poison,405,60,62,63,80,80,60,1,False,0.36,0.446001838
Venusaur,Grass,Poison,525,80,82,83,100,100,80,1,False,0.63,0.446001838
VenusaurMega Venusaur,Grass,Poison,625,80,100,123,122,120,80,1,False,0.58,0.446001838
Charmander,Fire,Flying,309,39,52,43,60,50,65,1,False,0.48,0.44119516799999997
Charmeleon,Fire,Flying,405,58,64,58,80,65,80,1,False,0.53,0.44119516799999997
Charizard,Fire,Flying,534,78,84,78,109,85,100,1,False,0.83,0.44119516799999997
CharizardMega Charizard X,Fire,Dragon,634,78,130,111,130,85,100,1,False,0.86,0.44119516799999997
CharizardMega Charizard Y,Fire,Flying,634,78,104,78,159,115,100,1,False,0.85,0.44119516799999997
Squirtle,Water,Flying,314,44,48,65,50,64,43,1,False,0.17,0.49560533
Wartortle,Water,Flying,405,59,63,80,65,80,58,1,False,0.41,0.49560533
Blastoise,Water,Flying,530,79,83,100,85,105,78,1,False,0.47381019830028287,0.49560533
BlastoiseMega Blastoise,Water,Flying,630,79,103,120,135,115,78,1,False,0.52,0.49560533
Caterpie,Bug,Flying,195,45,30,35,20,20,45,1,False,0.13,0.493884145
Metapod,Bug,Flying,205,50,20,55,25,25,30,1,False,0.04,0.493884145
Butterfree,Bug,Flying,395,60,45,50,90,80,70,1,False,0.57,0.493884145
Weedle,Bug,Poison,195,40,35,30,20,20,50,1,False,0.25,0.493884145
Kakuna,Bug,Poison,205,45,25,50,25,25,35,1,False,0.1,0.493884145
Beedrill,Bug,Poison,395,65,90,40,45,80,75,1,False,0.64,0.493884145
BeedrillMega Beedrill,Bug,Poison,495,65,150,40,15,80,145,1,False,0.96,0.493884145
Pidgey,Normal,Flying,251,40,45,40,35,35,56,1,False,0.4,0.481158961
Pidgeotto,Normal,Flying,349,63,60,55,50,50,71,1,False,0.54,0.481158961
Pidgeot,Normal,Flying,479,83,80,75,70,70,101,1,False,0.88,0.481158961
PidgeotMega Pidgeot,Normal,Flying,579,83,80,80,135,80,121,1,False,0.92,0.481158961
Rattata,Normal,Flying,253,30,56,35,25,35,72,1,False,0.48,0.481158961
Raticate,Normal,Flying,413,55,81,60,50,70,97,1,False,0.7,0.481158961
Spearow,Normal,Flying,262,40,60,30,31,31,70,1,False,0.43,0.481158961
Fearow,Normal,Flying,442,65,90,65,61,61,100,1,False,0.77,0.481158961
Ekans,Poison,Flying,288,35,60,44,40,54,55,1,False,0.4,0.521608643
Arbok,Poison,Flying,438,60,85,69,65,79,80,1,False,0.53,0.521608643
Pikachu,Electric,Flying,320,35,55,40,50,50,90,1,False,0.67,0.444901316
Raichu,Electric,Flying,485,60,90,55,90,80,110,1,False,0.82,0.444901316
Sandshrew,Ground,Flying,300,50,75,85,20,30,40,1,False,0.47381019830028287,0.447482014
Sandslash,Ground,Flying,450,75,100,110,45,55,65,1,False,0.49,0.447482014
Nidoran♀,Poison,Flying,275,55,47,52,40,40,41,1,False,0.11,0.521608643
Nidorina,Poison,Flying,365,70,62,67,55,55,56,1,False,0.4,0.521608643
Nidoqueen,Poison,Ground,505,90,92,87,75,85,76,1,False,0.51,0.521608643
Nidoran♂,Poison,Flying,273,46,57,40,40,40,50,1,False,0.19,0.521608643
Nidorino,Poison,Flying,365,61,72,57,55,55,65,1,False,0.36,0.521608643
Nidoking,Poison,Ground,505,81,102,77,85,75,85,1,False,0.51,0.521608643
Clefairy,Fairy,Flying,323,70,45,48,60,65,35,1,False,0.09,0.363224638
Clefable,Fairy,Flying,483,95,70,73,95,90,60,1,False,0.42,0.363224638
Vulpix,Fire,Flying,299,38,41,40,50,65,65,1,False,0.32,0.44119516799999997
Ninetales,Fire,Flying,505,73,76,75,81,100,100,1,False,0.82,0.44119516799999997
Jigglypuff,Normal,Fairy,270,115,45,20,45,25,20,1,False,0.14,0.481158961
Wigglytuff,Normal,Fairy,435,140,70,45,85,50,45,1,False,0.47381019830028287,0.481158961
Zubat,Poison,Flying,245,40,45,35,30,40,55,1,False,0.38,0.521608643
Golbat,Poison,Flying,455,75,80,70,65,75,90,1,False,0.78,0.521608643
Oddish,Grass,Poison,320,45,50,55,75,65,30,1,False,0.06,0.446001838
Gloom,Grass,Poison,395,60,65,70,85,75,40,1,False,0.22,0.446001838
Vileplume,Grass,Poison,490,75,80,85,110,90,50,1,False,0.28,0.446001838
Paras,Bug,Grass,285,35,70,55,45,55,25,1,False,0.09,0.493884145
Parasect,Bug,Grass,405,60,95,80,60,80,30,1,False,0.14,0.493884145
Venonat,Bug,Poison,305,60,55,50,40,55,45,1,False,0.19,0.493884145
Venomoth,Bug,Poison,450,70,65,60,90,75,90,1,False,0.63,0.493884145
Diglett,Ground,Flying,265,10,55,25,35,45,95,1,False,0.48,0.447482014
Dugtrio,Ground,Flying,405,35,80,50,50,70,120,1,False,0.88,0.447482014
Meowth,Normal,Flying,290,40,45,35,40,40,90,1,False,0.55,0.481158961
Persian,Normal,Flying,440,65,70,60,65,65,115,1,False,0.79,0.481158961
Psyduck,Water,Flying,320,50,52,48,65,50,55,1,False,0.27,0.49560533
Golduck,Water,Flying,500,80,82,78,95,80,85,1,False,0.72,0.49560533
Mankey,Fighting,Flying,305,40,80,35,35,45,70,1,False,0.38,0.474695708
Primeape,Fighting,Flying,455,65,105,60,60,70,95,1,False,0.71,0.474695708
Growlithe,Fire,Flying,350,55,70,45,70,50,60,1,False,0.44,0.44119516799999997
Arcanine,Fire,Flying,555,90,110,80,100,80,95,1,False,0.74,0.44119516799999997
Poliwag,Water,Flying,300,40,50,40,40,40,90,1,False,0.47381019830028287,0.49560533
Poliwhirl,Water,Flying,385,65,65,65,50,50,90,1,False,0.67,0.49560533
Poliwrath,Water,Fighting,510,90,95,95,70,90,70,1,False,0.49,0.49560533
Abra,Psychic,Flying,310,25,20,15,105,55,90,1,False,0.27,0.400652351
Kadabra,Psychic,Flying,400,40,35,30,120,70,105,1,False,0.59,0.400652351
Alakazam,Psychic,Flying,500,55,50,45,135,95,120,1,False,0.77,0.400652351
AlakazamMega Alakazam,Psychic,Flying,590,55,50,65,175,95,150,1,False,0.8,0.400652351
Machop,Fighting,Flying,305,70,80,50,35,35,35,1,False,0.1,0.474695708
Machoke,Fighting,Flying,405,80,100,70,50,60,45,1,False,0.19,0.474695708
Machamp,Fighting,Flying,505,90,130,80,65,85,55,1,False,0.41,0.474695708
Bellsprout,Grass,Poison,300,50,75,35,70,30,40,1,False,0.21,0.446001838
Weepinbell,Grass,Poison,390,65,90,50,85,45,55,1,False,0.43,0.446001838
Victreebel,Grass,Poison,490,80,105,65,100,70,70,1,False,0.47381019830028287,0.446001838
Tentacool,Water,Poison,335,40,40,35,50,100,70,1,False,0.48,0.49560533
Tentacruel,Water,Poison,515,80,70,65,80,120,100,1,False,0.8,0.49560533
Geodude,Rock,Ground,300,40,80,100,30,30,20,1,False,0.1,0.5190510420000001
Graveler,Rock,Ground,390,55,95,115,45,45,35,1,False,0.19,0.5190510420000001
Golem,Rock,Ground,495,80,120,130,55,65,45,1,False,0.34,0.5190510420000001
Ponyta,Fire,Flying,410,50,85,55,65,65,90,1,False,0.73,0.44119516799999997
Rapidash,Fire,Flying,500,65,100,70,80,80,105,1,False,0.82,0.44119516799999997
Slowpoke,Water,Psychic,315,90,65,65,40,40,15,1,False,0.21,0.49560533
Slowbro,Water,Psychic,490,95,75,110,100,80,30,1,False,0.17,0.49560533
SlowbroMega Slowbro,Water,Psychic,590,95,75,180,130,80,30,1,False,0.15,0.49560533
Magnemite,Electric,Steel,325,25,35,70,95,55,45,1,False,0.14,0.444901316
Magneton,Electric,Steel,465,50,60,95,120,70,70,1,False,0.47381019830028287,0.444901316
Farfetch'd,Normal,Flying,352,52,65,55,58,62,60,1,False,0.39,0.481158961
Doduo,Normal,Flying,310,35,85,45,35,35,75,1,False,0.63,0.481158961
Dodrio,Normal,Flying,460,60,110,70,60,60,100,1,False,0.83,0.481158961
Seel,Water,Flying,325,65,45,55,45,70,45,1,False,0.21,0.49560533
Dewgong,Water,Ice,475,90,70,80,70,95,70,1,False,0.46,0.49560533
Grimer,Poison,Flying,325,80,80,50,40,50,25,1,False,0.1,0.521608643
Muk,Poison,Flying,500,105,105,75,65,100,50,1,False,0.33,0.521608643
Shellder,Water,Flying,305,30,65,100,45,25,40,1,False,0.16,0.49560533
Cloyster,Water,Ice,525,50,95,180,85,45,70,1,False,0.53,0.49560533
Gastly,Ghost,Poison,310,30,35,30,100,35,80,1,False,0.38,0.55550074
Haunter,Ghost,Poison,405,45,50,45,115,55,95,1,False,0.58,0.55550074
Gengar,Ghost,Poison,500,60,65,60,130,75,110,1,False,0.75,0.55550074
GengarMega Gengar,Ghost,Poison,600,60,65,80,170,95,130,1,False,0.88,0.55550074
Onix,Rock,Ground,385,35,45,160,30,45,70,1,False,0.51,0.5190510420000001
Drowzee,Psychic,Flying,328,60,48,45,43,90,42,1,False,0.2,0.400652351
Hypno,Psychic,Flying,483,85,73,70,73,115,67,1,False,0.52,0.400652351
Krabby,Water,Flying,325,30,105,90,25,25,50,1,False,0.29,0.49560533
Kingler,Water,Flying,475,55,130,115,50,50,75,1,False,0.58,0.49560533
Voltorb,Electric,Flying,330,40,30,50,55,55,100,1,False,0.51,0.444901316
Electrode,Electric,Flying,480,60,50,70,80,80,140,1,False,0.83,0.444901316
Exeggcute,Grass,Psychic,325,60,40,80,60,45,40,1,False,0.15,0.446001838
Exeggutor,Grass,Psychic,520,95,95,85,125,65,55,1,False,0.38,0.446001838
Cubone,Ground,Flying,320,50,50,95,40,50,35,1,False,0.24,0.447482014
Marowak,Ground,Flying,425,60,80,110,50,80,45,1,False,0.23,0.447482014
Hitmonlee,Fighting,Flying,455,50,120,53,35,110,87,1,False,0.62,0.474695708
Hitmonchan,Fighting,Flying,455,50,105,79,35,110,76,1,False,0.61,0.474695708
Lickitung,Normal,Flying,385,90,55,75,60,75,30,1,False,0.1,0.481158961
Koffing,Poison,Flying,340,40,65,95,60,45,35,1,False,0.16,0.521608643
Weezing,Poison,Flying,490,65,90,120,85,70,60,1,False,0.37,0.521608643
Rhyhorn,Ground,Rock,345,80,85,95,30,30,25,1,False,0.27,0.447482014
Rhydon,Ground,Rock,485,105,130,120,45,45,40,1,False,0.36,0.447482014
Chansey,Normal,Flying,450,250,5,5,35,105,50,1,False,0.23,0.481158961
Tangela,Grass,Flying,435,65,55,115,100,40,60,1,False,0.39,0.446001838
Kangaskhan,Normal,Flying,490,105,95,80,40,80,90,1,False,0.72,0.481158961
KangaskhanMega Kangaskhan,Normal,Flying,590,105,125,100,60,100,100,1,False,0.78,0.481158961
Horsea,Water,Flying,295,30,40,70,70,25,60,1,False,0.4,0.49560533
Seadra,Water,Flying,440,55,65,95,95,45,85,1,False,0.62,0.49560533
Goldeen,Water,Flying,320,45,67,60,35,50,63,1,False,0.53,0.49560533
Seaking,Water,Flying,450,80,92,65,65,80,68,1,False,0.51,0.49560533
Staryu,Water,Flying,340,30,45,55,70,55,85,1,False,0.49,0.49560533
Starmie,Water,Psychic,520,60,75,85,100,85,115,1,False,0.91,0.49560533
Mr. Mime,Psychic,Fairy,460,40,45,65,100,120,90,1,False,0.54,0.400652351
Scyther,Bug,Flying,500,70,110,80,55,80,105,1,False,0.89,0.493884145
Jynx,Ice,Psychic,455,65,50,35,115,95,95,1,False,0.68,0.463465553
Electabuzz,Electric,Flying,490,65,83,57,95,85,105,1,False,0.88,0.444901316
Magmar,Fire,Flying,495,65,95,57,100,85,93,1,False,0.76,0.44119516799999997
Pinsir,Bug,Flying,500,65,125,100,55,70,85,1,False,0.59,0.493884145
PinsirMega Pinsir,Bug,Flying,600,65,155,120,65,90,105,1,False,0.92,0.493884145
Tauros,Normal,Flying,490,75,100,95,40,70,110,1,False,0.81,0.481158961
Magikarp,Water,Flying,200,20,10,55,15,20,80,1,False,0.18,0.49560533
Gyarados,Water,Flying,540,95,125,79,60,100,81,1,False,0.67,0.49560533
GyaradosMega Gyarados,Water,Dark,640,95,155,109,70,130,81,1,False,0.69,0.49560533
Lapras,Water,Ice,535,130,85,80,85,95,60,1,False,0.47,0.49560533
Ditto,Normal,Flying,288,48,48,48,48,48,48,1,False,0.47381019830028287,0.481158961
Eevee,Normal,Flying,325,55,55,50,45,65,55,1,False,0.34,0.481158961
Vaporeon,Water,Flying,525,130,65,60,110,95,65,1,False,0.5,0.49560533
Jolteon,Electric,Flying,525,65,65,60,110,95,130,1,False,0.95,0.444901316
Flareon,Fire,Flying,525,65,130,60,95,110,65,1,False,0.49,0.44119516799999997
Porygon,Normal,Flying,395,65,60,70,85,75,40,1,False,0.12,0.481158961
Omanyte,Rock,Water,355,35,40,100,90,55,35,1,False,0.16,0.5190510420000001
Omastar,Rock,Water,495,70,60,125,115,70,55,1,False,0.33,0.5190510420000001
Kabuto,Rock,Water,355,30,80,90,55,45,55,1,False,0.46,0.5190510420000001
Kabutops,Rock,Water,495,60,115,105,65,70,80,1,False,0.65,0.5190510420000001
Aerodactyl,Rock,Flying,515,80,105,65,60,75,130,1,False,0.97,0.5190510420000001
AerodactylMega Aerodactyl,Rock,Flying,615,80,135,85,70,95,150,1,False,0.98,0.5190510420000001
Snorlax,Normal,Flying,540,160,110,65,65,110,30,1,False,0.32,0.481158961
Articuno,Ice,Flying,580,90,85,100,95,125,85,1,True,0.63,0.463465553
Zapdos,Electric,Flying,580,90,90,85,125,90,100,1,True,0.75,0.444901316
Moltres,Fire,Flying,580,90,100,90,125,85,90,1,True,0.68,0.44119516799999997
Dratini,Dragon,Flying,300,41,64,45,50,50,50,1,False,0.33,0.5224609379999999
Dragonair,Dragon,Flying,420,61,84,65,70,70,70,1,False,0.53,0.5224609379999999
Dragonite,Dragon,Flying,600,91,134,95,100,100,80,1,False,0.6,0.5224609379999999
Mewtwo,Psychic,Flying,680,106,110,90,154,90,130,1,True,0.9,0.400652351
MewtwoMega Mewtwo X,Psychic,Fighting,780,106,190,100,154,100,130,1,True,0.95,0.400652351
MewtwoMega Mewtwo Y,Psychic,Flying,780,106,150,70,194,120,140,1,True,0.93,0.400652351
Mew,Psychic,Flying,600,100,100,100,100,100,100,1,False,0.78,0.400652351
Chikorita,Grass,Flying,318,45,49,65,49,65,45,2,False,0.3,0.446001838
Bayleef,Grass,Flying,405,60,62,80,63,80,60,2,False,0.46,0.446001838
Meganium,Grass,Flying,525,80,82,100,83,100,80,2,False,0.71,0.446001838
Cyndaquil,Fire,Flying,309,39,52,43,60,50,65,2,False,0.45,0.44119516799999997
Quilava,Fire,Flying,405,58,64,58,80,65,80,2,False,0.63,0.44119516799999997
Typhlosion,Fire,Flying,534,78,84,78,109,85,100,2,False,0.86,0.44119516799999997
Totodile,Water,Flying,314,50,65,64,44,48,43,2,False,0.18,0.49560533
Croconaw,Water,Flying,405,65,80,80,59,63,58,2,False,0.43,0.49560533
Feraligatr,Water,Flying,530,85,105,100,79,83,78,2,False,0.66,0.49560533
Sentret,Normal,Flying,215,35,46,34,35,45,20,2,False,0.03,0.481158961
Furret,Normal,Flying,415,85,76,64,45,55,90,2,False,0.62,0.481158961
Hoothoot,Normal,Flying,262,60,30,30,36,56,50,2,False,0.32,0.481158961
Noctowl,Normal,Flying,442,100,50,50,76,96,70,2,False,0.44,0.481158961
Ledyba,Bug,Flying,265,40,20,30,40,80,55,2,False,0.19,0.493884145
Ledian,Bug,Flying,390,55,35,50,55,110,85,2,False,0.57,0.493884145
Spinarak,Bug,Poison,250,40,60,40,40,40,30,2,False,0.06,0.493884145
Ariados,Bug,Poison,390,70,90,70,60,60,40,2,False,0.47381019830028287,0.493884145
Crobat,Poison,Flying,535,85,90,80,70,80,130,2,False,0.89,0.521608643
Chinchou,Water,Electric,330,75,38,38,56,56,67,2,False,0.46,0.49560533
Lanturn,Water,Electric,460,125,58,58,76,76,67,2,False,0.52,0.49560533
Pichu,Electric,Flying,205,20,40,15,35,35,60,2,False,0.33,0.444901316
Cleffa,Fairy,Flying,218,50,25,28,45,55,15,2,False,0.04,0.363224638
Igglybuff,Normal,Fairy,210,90,30,15,40,20,15,2,False,0.02,0.481158961
Togepi,Fairy,Flying,245,35,20,65,40,65,20,2,False,0.0,0.363224638
Togetic,Fairy,Flying,405,55,40,85,80,105,40,2,False,0.12,0.363224638
Natu,Psychic,Flying,320,40,50,45,70,45,70,2,False,0.49,0.400652351
Xatu,Psychic,Flying,470,65,75,70,95,70,95,2,False,0.7,0.400652351
Mareep,Electric,Flying,280,55,40,40,65,45,35,2,False,0.17,0.444901316
Flaaffy,Electric,Flying,365,70,55,55,80,60,45,2,False,0.23,0.444901316
Ampharos,Electric,Flying,510,90,75,85,115,90,55,2,False,0.32,0.444901316
AmpharosMega Ampharos,Electric,Dragon,610,90,95,105,165,110,45,2,False,0.3,0.444901316
Bellossom,Grass,Flying,490,75,80,95,90,100,50,2,False,0.23,0.446001838
Marill,Water,Fairy,250,70,20,50,20,50,40,2,False,0.13,0.49560533
Azumarill,Water,Fairy,420,100,50,80,60,80,50,2,False,0.33,0.49560533
Sudowoodo,Rock,Flying,410,70,100,115,30,65,30,2,False,0.17,0.5190510420000001
Politoed,Water,Flying,500,90,75,75,90,100,70,2,False,0.41,0.49560533
Hoppip,Grass,Flying,250,35,35,40,35,55,50,2,False,0.35,0.446001838
Skiploom,Grass,Flying,340,55,45,50,45,65,80,2,False,0.52,0.446001838
Jumpluff,Grass,Flying,460,75,55,70,55,95,110,2,False,0.83,0.446001838
Aipom,Normal,Flying,360,55,70,55,40,55,85,2,False,0.6,0.481158961
Sunkern,Grass,Flying,180,30,30,30,30,30,30,2,False,0.1,0.446001838
Sunflora,Grass,Flying,425,75,75,55,105,85,30,2,False,0.12,0.446001838
Yanma,Bug,Flying,390,65,65,45,75,45,95,2,False,0.7,0.493884145
Wooper,Water,Ground,210,55,45,45,25,25,15,2,False,0.05,0.49560533
Quagsire,Water,Ground,430,95,85,85,65,65,35,2,False,0.23,0.49560533
Espeon,Psychic,Flying,525,65,65,60,130,95,110,2,False,0.79,0.400652351
Umbreon,Dark,Flying,525,95,65,110,60,130,65,2,False,0.46,0.48988653200000004
Murkrow,Dark,Flying,405,60,85,42,85,42,91,2,False,0.77,0.48988653200000004
Slowking,Water,Psychic,490,95,75,80,100,110,30,2,False,0.18,0.49560533
Misdreavus,Ghost,Flying,435,60,60,60,85,85,85,2,False,0.51,0.55550074
Unown,Psychic,Flying,336,48,72,48,72,48,48,2,False,0.22,0.400652351
Wobbuffet,Psychic,Flying,405,190,33,58,33,58,33,2,False,0.1,0.400652351
Girafarig,Normal,Psychic,455,70,80,65,90,65,85,2,False,0.58,0.481158961
Pineco,Bug,Flying,290,50,65,90,35,35,15,2,False,0.13,0.493884145
Forretress,Bug,Steel,465,75,90,140,60,60,40,2,False,0.23,0.493884145
Dunsparce,Normal,Flying,415,100,70,70,65,65,45,2,False,0.16,0.481158961
Gligar,Ground,Flying,430,65,75,105,35,65,85,2,False,0.71,0.447482014
Steelix,Steel,Ground,510,75,85,200,55,65,30,2,False,0.16,0.370264064
SteelixMega Steelix,Steel,Ground,610,75,125,230,55,95,30,2,False,0.25,0.370264064
Snubbull,Fairy,Flying,300,60,80,50,40,40,30,2,False,0.14,0.363224638
Granbull,Fairy,Flying,450,90,120,75,60,60,45,2,False,0.3,0.363224638
Qwilfish,Water,Poison,430,65,95,75,55,55,85,2,False,0.68,0.49560533
Scizor,Bug,Steel,500,70,130,100,55,80,65,2,False,0.57,0.493884145
ScizorMega Scizor,Bug,Steel,600,70,150,140,65,100,75,2,False,0.52,0.493884145
Shuckle,Bug,Rock,505,20,10,230,10,230,5,2,False,0.0,0.493884145
Heracross,Bug,Fighting,500,80,125,75,40,95,85,2,False,0.69,0.493884145
HeracrossMega Heracross,Bug,Fighting,600,80,185,115,40,105,75,2,False,0.57,0.493884145
Sneasel,Dark,Ice,430,55,95,55,35,75,115,2,False,0.93,0.48988653200000004
Teddiursa,Normal,Flying,330,60,80,50,50,50,40,2,False,0.15,0.481158961
Ursaring,Normal,Flying,500,90,130,75,75,75,55,2,False,0.47381019830028287,0.481158961
Slugma,Fire,Flying,250,40,40,40,70,40,20,2,False,0.03,0.44119516799999997
Magcargo,Fire,Rock,410,50,50,120,80,80,30,2,False,0.07,0.44119516799999997
Swinub,Ice,Ground,250,50,50,40,30,30,50,2,False,0.24,0.463465553
Piloswine,Ice,Ground,450,100,100,80,60,60,50,2,False,0.23,0.463465553
Corsola,Water,Rock,380,55,55,85,65,85,35,2,False,0.19,0.49560533
Remoraid,Water,Flying,300,35,65,35,65,35,65,2,False,0.45,0.49560533
Octillery,Water,Flying,480,75,105,75,105,75,45,2,False,0.28,0.49560533
Delibird,Ice,Flying,330,45,55,45,65,45,75,2,False,0.63,0.463465553
Mantine,Water,Flying,465,65,40,70,80,140,70,2,False,0.62,0.49560533
Skarmory,Steel,Flying,465,65,80,140,40,70,70,2,False,0.57,0.370264064
Houndour,Dark,Fire,330,45,60,30,80,50,65,2,False,0.38,0.48988653200000004
Houndoom,Dark,Fire,500,75,90,50,110,80,95,2,False,0.8,0.48988653200000004
HoundoomMega Houndoom,Dark,Fire,600,75,90,90,140,90,115,2,False,0.93,0.48988653200000004
Kingdra,Water,Dragon,540,75,95,95,95,95,85,2,False,0.6,0.49560533
Phanpy,Ground,Flying,330,90,60,60,40,40,40,2,False,0.26,0.447482014
Donphan,Ground,Flying,500,90,120,120,60,60,50,2,False,0.28,0.447482014
Porygon2,Normal,Flying,515,85,80,90,105,95,60,2,False,0.44,0.481158961
Stantler,Normal,Flying,465,73,95,62,85,65,85,2,False,0.65,0.481158961
Smeargle,Normal,Flying,250,55,20,35,20,45,75,2,False,0.36,0.481158961
Tyrogue,Fighting,Flying,210,35,35,35,35,35,35,2,False,0.09,0.474695708
Hitmontop,Fighting,Flying,455,50,95,95,35,110,70,2,False,0.52,0.474695708
Smoochum,Ice,Psychic,305,45,30,15,85,65,65,2,False,0.39,0.463465553
Elekid,Electric,Flying,360,45,63,37,65,55,95,2,False,0.76,0.444901316
Magby,Fire,Flying,365,45,75,37,70,55,83,2,False,0.61,0.44119516799999997
Miltank,Normal,Flying,490,95,80,105,40,70,100,2,False,0.76,0.481158961
Blissey,Normal,Flying,540,255,10,10,75,135,55,2,False,0.25,0.481158961
Raikou,Electric,Flying,580,90,85,75,115,100,115,2,True,0.93,0.444901316
Entei,Fire,Flying,580,115,115,85,90,75,100,2,True,0.82,0.44119516799999997
Suicune,Water,Flying,580,100,75,115,90,115,85,2,True,0.64,0.49560533
Larvitar,Rock,Ground,300,50,64,50,45,50,41,2,False,0.21,0.5190510420000001
Pupitar,Rock,Ground,410,70,84,70,65,70,51,2,False,0.25,0.5190510420000001
Tyranitar,Rock,Dark,600,100,134,110,95,100,61,2,False,0.36,0.5190510420000001
TyranitarMega Tyranitar,Rock,Dark,700,100,164,150,95,120,71,2,False,0.52,0.5190510420000001
Lugia,Psychic,Flying,680,106,90,130,90,154,110,2,True,0.84,0.400652351
Ho-oh,Fire,Flying,680,106,130,90,110,154,90,2,True,0.79,0.44119516799999997
Celebi,Psychic,Grass,600,100,100,100,100,100,100,2,False,0.84,0.400652351
Treecko,Grass,Flying,310,40,45,35,65,55,70,3,False,0.46,0.446001838
Grovyle,Grass,Flying,405,50,65,45,85,65,95,3,False,0.68,0.446001838
Sceptile,Grass,Flying,530,70,85,65,105,85,120,3,False,0.9,0.446001838
SceptileMega Sceptile,Grass,Dragon,630,70,110,75,145,85,145,3,False,0.96,0.446001838
Torchic,Fire,Flying,310,45,60,40,70,50,45,3,False,0.27,0.44119516799999997
Combusken,Fire,Fighting,405,60,85,60,85,60,55,3,False,0.32,0.44119516799999997
Blaziken,Fire,Fighting,530,80,120,70,110,70,80,3,False,0.61,0.44119516799999997
BlazikenMega Blaziken,Fire,Fighting,630,80,160,80,130,80,100,3,False,0.84,0.44119516799999997
Mudkip,Water,Flying,310,50,70,50,50,50,40,3,False,0.17,0.49560533
Marshtomp,Water,Ground,405,70,85,70,60,70,50,3,False,0.24,0.49560533
Swampert,Water,Ground,535,100,110,90,85,90,60,3,False,0.38,0.49560533
SwampertMega Swampert,Water,Ground,635,100,150,110,95,110,70,3,False,0.62,0.49560533
Poochyena,Dark,Flying,220,35,55,35,30,30,35,3,False,0.21,0.48988653200000004
Mightyena,Dark,Flying,420,70,90,70,60,60,70,3,False,0.64,0.48988653200000004
Zigzagoon,Normal,Flying,240,38,30,41,30,41,60,3,False,0.14,0.481158961
Linoone,Normal,Flying,420,78,70,61,50,61,100,3,False,0.75,0.481158961
Wurmple,Bug,Flying,195,45,45,35,20,30,20,3,False,0.03,0.493884145
Silcoon,Bug,Flying,205,50,35,55,25,25,15,3,False,0.0,0.493884145
Beautifly,Bug,Flying,395,60,70,50,100,50,65,3,False,0.36,0.493884145
Cascoon,Bug,Flying,205,50,35,55,25,25,15,3,False,0.03,0.493884145
Dustox,Bug,Poison,385,60,50,70,50,90,65,3,False,0.42,0.493884145
Lotad,Water,Grass,220,40,30,30,40,50,30,3,False,0.04,0.49560533
Lombre,Water,Grass,340,60,50,50,60,70,50,3,False,0.22,0.49560533
Ludicolo,Water,Grass,480,80,70,70,90,100,70,3,False,0.42,0.49560533
Seedot,Grass,Flying,220,40,40,50,30,30,30,3,False,0.06,0.446001838
Nuzleaf,Grass,Dark,340,70,70,40,60,40,60,3,False,0.3,0.446001838
Shiftry,Grass,Dark,480,90,100,60,90,60,80,3,False,0.57,0.446001838
Taillow,Normal,Flying,270,40,55,30,30,30,85,3,False,0.63,0.481158961
Swellow,Normal,Flying,430,60,85,60,50,50,125,3,False,0.89,0.481158961
Wingull,Water,Flying,270,40,30,30,55,30,85,3,False,0.48,0.49560533
Pelipper,Water,Flying,430,60,50,100,85,70,65,3,False,0.36,0.49560533
Ralts,Psychic,Fairy,198,28,25,25,45,35,40,3,False,0.2,0.400652351
Kirlia,Psychic,Fairy,278,38,35,35,65,55,50,3,False,0.28,0.400652351
Gardevoir,Psychic,Fairy,518,68,65,65,125,115,80,3,False,0.62,0.400652351
GardevoirMega Gardevoir,Psychic,Fairy,618,68,85,65,165,135,100,3,False,0.77,0.400652351
Surskit,Bug,Water,269,40,30,32,50,52,65,3,False,0.33,0.493884145
Masquerain,Bug,Flying,414,70,60,62,80,82,60,3,False,0.45,0.493884145
Shroomish,Grass,Flying,295,60,40,60,40,60,35,3,False,0.09,0.446001838
Breloom,Grass,Fighting,460,60,130,80,60,60,70,3,False,0.52,0.446001838
Slakoth,Normal,Flying,280,60,60,60,35,35,30,3,False,0.04,0.481158961
Vigoroth,Normal,Flying,440,80,80,80,55,55,90,3,False,0.57,0.481158961
Slaking,Normal,Flying,670,150,160,100,95,65,100,3,False,0.83,0.481158961
Nincada,Bug,Ground,266,31,45,90,30,30,40,3,False,0.18,0.493884145
Ninjask,Bug,Flying,456,61,90,45,50,50,160,3,False,0.92,0.493884145
Shedinja,Bug,Ghost,236,1,90,45,30,30,40,3,False,0.08,0.493884145
Whismur,Normal,Flying,240,64,51,23,51,23,28,3,False,0.07,0.481158961
Loudred,Normal,Flying,360,84,71,43,71,43,48,3,False,0.19,0.481158961
Exploud,Normal,Flying,490,104,91,63,91,73,68,3,False,0.49,0.481158961
Makuhita,Fighting,Flying,237,72,60,30,20,30,25,3,False,0.15,0.474695708
Hariyama,Fighting,Flying,474,144,120,60,40,60,50,3,False,0.47381019830028287,0.474695708
Azurill,Normal,Fairy,190,50,20,40,20,40,20,3,False,0.04,0.481158961
Nosepass,Rock,Flying,375,30,45,135,45,90,30,3,False,0.06,0.5190510420000001
Skitty,Normal,Flying,260,50,45,45,35,35,50,3,False,0.21,0.481158961
Delcatty,Normal,Flying,380,70,65,65,55,55,70,3,False,0.42,0.481158961
Sableye,Dark,Ghost,380,50,75,75,65,65,50,3,False,0.15,0.48988653200000004
SableyeMega Sableye,Dark,Ghost,480,50,85,125,85,115,20,3,False,0.15,0.48988653200000004
Mawile,Steel,Fairy,380,50,85,85,55,55,50,3,False,0.39,0.370264064
MawileMega Mawile,Steel,Fairy,480,50,105,125,55,95,50,3,False,0.34,0.370264064
Aron,Steel,Rock,330,50,70,100,40,40,30,3,False,0.21,0.370264064
Lairon,Steel,Rock,430,60,90,140,50,50,40,3,False,0.27,0.370264064
Aggron,Steel,Rock,530,70,110,180,60,60,50,3,False,0.37,0.370264064
AggronMega Aggron,Steel,Flying,630,70,140,230,60,80,50,3,False,0.25,0.370264064
Meditite,Fighting,Psychic,280,30,40,55,40,55,60,3,False,0.25,0.474695708
Medicham,Fighting,Psychic,410,60,60,75,60,75,80,3,False,0.69,0.474695708
MedichamMega Medicham,Fighting,Psychic,510,60,100,85,80,85,100,3,False,0.69,0.474695708
Electrike,Electric,Flying,295,40,45,40,65,40,65,3,False,0.56,0.444901316
Manectric,Electric,Flying,475,70,75,60,105,60,105,3,False,0.82,0.444901316
ManectricMega Manectric,Electric,Flying,575,70,75,80,135,80,135,3,False,0.93,0.444901316
Plusle,Electric,Flying,405,60,50,40,85,75,95,3,False,0.75,0.444901316
Minun,Electric,Flying,405,60,40,50,75,85,95,3,False,0.58,0.444901316
Volbeat,Bug,Flying,400,65,73,55,47,75,85,3,False,0.66,0.493884145
Illumise,Bug,Flying,400,65,47,55,73,75,85,3,False,0.57,0.493884145
Roselia,Grass,Poison,400,50,60,45,100,80,65,3,False,0.4,0.446001838
Gulpin,Poison,Flying,302,70,43,53,43,53,40,3,False,0.18,0.521608643
Swalot,Poison,Flying,467,100,73,83,73,83,55,3,False,0.3,0.521608643
Carvanha,Water,Dark,305,45,90,20,65,20,65,3,False,0.51,0.49560533
Sharpedo,Water,Dark,460,70,120,40,95,40,95,3,False,0.82,0.49560533
SharpedoMega Sharpedo,Water,Dark,560,70,140,70,110,65,105,3,False,0.92,0.49560533
Wailmer,Water,Flying,400,130,70,35,70,35,60,3,False,0.33,0.49560533
Wailord,Water,Flying,500,170,90,45,90,45,60,3,False,0.42,0.49560533
Numel,Fire,Ground,305,60,60,40,65,45,35,3,False,0.12,0.44119516799999997
Camerupt,Fire,Ground,460,70,100,70,105,75,40,3,False,0.27,0.44119516799999997
CameruptMega Camerupt,Fire,Ground,560,70,120,100,145,105,20,3,False,0.26,0.44119516799999997
Torkoal,Fire,Flying,470,70,85,140,85,70,20,3,False,0.32,0.44119516799999997
Spoink,Psychic,Flying,330,60,25,35,70,80,60,3,False,0.34,0.400652351
Grumpig,Psychic,Flying,470,80,45,65,90,110,80,3,False,0.54,0.400652351
Spinda,Normal,Flying,360,60,60,60,60,60,60,3,False,0.37,0.481158961
Trapinch,Ground,Flying,290,45,100,45,45,45,10,3,False,0.34,0.447482014
Vibrava,Ground,Dragon,340,50,70,50,50,50,70,3,False,0.51,0.447482014
Flygon,Ground,Dragon,520,80,100,80,80,80,100,3,False,0.87,0.447482014
Cacnea,Grass,Flying,335,50,85,40,85,40,35,3,False,0.14,0.446001838
Cacturne,Grass,Dark,475,70,115,60,115,60,55,3,False,0.49,0.446001838
Swablu,Normal,Flying,310,45,40,60,40,75,50,3,False,0.22,0.481158961
Altaria,Dragon,Flying,490,75,70,90,70,105,80,3,False,0.63,0.5224609379999999
AltariaMega Altaria,Dragon,Fairy,590,75,110,110,110,105,80,3,False,0.74,0.5224609379999999
Zangoose,Normal,Flying,458,73,115,60,60,60,90,3,False,0.53,0.481158961
Seviper,Poison,Flying,458,73,100,60,100,60,65,3,False,0.38,0.521608643
Lunatone,Rock,Psychic,440,70,55,65,95,85,70,3,False,0.51,0.5190510420000001
Solrock,Rock,Psychic,440,70,95,85,55,65,70,3,False,0.4,0.5190510420000001
Barboach,Water,Ground,288,50,48,43,46,41,60,3,False,0.31,0.49560533
Whiscash,Water,Ground,468,110,78,73,76,71,60,3,False,0.32,0.49560533
Corphish,Water,Flying,308,43,80,65,50,35,35,3,False,0.07,0.49560533
Crawdaunt,Water,Dark,468,63,120,85,90,55,55,3,False,0.27,0.49560533
Baltoy,Ground,Psychic,300,40,40,55,40,70,55,3,False,0.37,0.447482014
Claydol,Ground,Psychic,500,60,70,105,70,120,75,3,False,0.54,0.447482014
Lileep,Rock,Grass,355,66,41,77,61,87,23,3,False,0.12,0.5190510420000001
Cradily,Rock,Grass,495,86,81,97,81,107,43,3,False,0.16,0.5190510420000001
Anorith,Rock,Bug,355,45,95,50,40,50,75,3,False,0.58,0.5190510420000001
Armaldo,Rock,Bug,495,75,125,100,70,80,45,3,False,0.24,0.5190510420000001
Feebas,Water,Flying,200,20,15,20,10,55,80,3,False,0.21,0.49560533
Milotic,Water,Flying,540,95,60,79,100,125,81,3,False,0.64,0.49560533
Castform,Normal,Flying,420,70,70,70,70,70,70,3,False,0.48,0.481158961
Kecleon,Normal,Flying,440,60,90,70,60,120,40,3,False,0.19,0.481158961
Shuppet,Ghost,Flying,295,44,75,35,63,33,45,3,False,0.17,0.55550074
Banette,Ghost,Flying,455,64,115,65,83,63,65,3,False,0.39,0.55550074
BanetteMega Banette,Ghost,Flying,555,64,165,75,93,83,75,3,False,0.63,0.55550074
Duskull,Ghost,Flying,295,20,40,90,30,90,25,3,False,0.03,0.55550074
Dusclops,Ghost,Flying,455,40,70,130,60,130,25,3,False,0.06,0.55550074
Tropius,Grass,Flying,460,99,68,83,72,87,51,3,False,0.38,0.446001838
Chimecho,Psychic,Flying,425,65,50,70,95,80,65,3,False,0.38,0.400652351
Absol,Dark,Flying,465,65,130,60,75,60,75,3,False,0.71,0.48988653200000004
AbsolMega Absol,Dark,Flying,565,65,150,60,115,60,115,3,False,0.93,0.48988653200000004
Wynaut,Psychic,Flying,260,95,23,48,23,48,23,3,False,0.05,0.400652351
Snorunt,Ice,Flying,300,50,50,50,50,50,50,3,False,0.33,0.463465553
Glalie,Ice,Flying,480,80,80,80,80,80,80,3,False,0.52,0.463465553
GlalieMega Glalie,Ice,Flying,580,80,120,80,120,80,100,3,False,0.82,0.463465553
Spheal,Ice,Water,290,70,40,50,55,50,25,3,False,0.07,0.463465553
Sealeo,Ice,Water,410,90,60,70,75,70,45,3,False,0.2,0.463465553
Walrein,Ice,Water,530,110,80,90,95,90,65,3,False,0.46,0.463465553
Clamperl,Water,Flying,345,35,64,85,74,55,32,3,False,0.23,0.49560533
Huntail,Water,Flying,485,55,104,105,94,75,52,3,False,0.38,0.49560533
Gorebyss,Water,Flying,485,55,84,105,114,75,52,3,False,0.3,0.49560533
Relicanth,Water,Rock,485,100,90,130,45,65,55,3,False,0.43,0.49560533
Luvdisc,Water,Flying,330,43,30,55,40,65,97,3,False,0.58,0.49560533
Bagon,Dragon,Flying,300,45,75,60,40,30,50,3,False,0.21,0.5224609379999999
Shelgon,Dragon,Flying,420,65,95,100,60,50,50,3,False,0.3,0.5224609379999999
Salamence,Dragon,Flying,600,95,135,80,110,80,100,3,False,0.8,0.5224609379999999
SalamenceMega Salamence,Dragon,Flying,700,95,145,130,120,90,120,3,False,0.92,0.5224609379999999
Beldum,Steel,Psychic,300,40,55,80,35,60,30,3,False,0.12,0.370264064
Metang,Steel,Psychic,420,60,75,100,55,80,50,3,False,0.25,0.370264064
Metagross,Steel,Psychic,600,80,135,130,95,90,70,3,False,0.53,0.370264064
MetagrossMega Metagross,Steel,Psychic,700,80,145,150,105,110,110,3,False,0.81,0.370264064
Regirock,Rock,Flying,580,80,100,200,50,100,50,3,True,0.3,0.5190510420000001
Regice,Ice,Flying,580,80,50,100,100,200,50,3,True,0.22,0.463465553
Registeel,Steel,Flying,580,80,75,150,75,150,50,3,True,0.26,0.370264064
Latias,Dragon,Psychic,600,80,80,90,110,130,110,3,True,0.9,0.5224609379999999
LatiasMega Latias,Dragon,Psychic,700,80,100,120,140,150,110,3,True,0.47381019830028287,0.5224609379999999
Latios,Dragon,Psychic,600,80,90,80,130,110,110,3,True,0.83,0.5224609379999999
LatiosMega Latios,Dragon,Psychic,700,80,130,100,160,120,110,3,True,0.87,0.5224609379999999
Kyogre,Water,Flying,670,100,100,90,150,140,90,3,True,0.72,0.49560533
KyogrePrimal Kyogre,Water,Flying,770,100,150,90,180,160,90,3,True,0.7,0.49560533
Groudon,Ground,Flying,670,100,150,140,100,90,90,3,True,0.75,0.447482014
GroudonPrimal Groudon,Ground,Fire,770,100,180,160,150,90,90,3,True,0.77,0.447482014
Rayquaza,Dragon,Flying,680,105,150,90,150,90,95,3,True,0.76,0.5224609379999999
RayquazaMega Rayquaza,Dragon,Flying,780,105,180,100,180,100,115,3,True,0.95,0.5224609379999999
Jirachi,Steel,Psychic,600,100,100,100,100,100,100,3,True,0.86,0.370264064
DeoxysNormal Forme,Psychic,Flying,600,50,150,50,150,50,150,3,True,0.95,0.400652351
DeoxysAttack Forme,Psychic,Flying,600,50,180,20,180,20,150,3,True,0.92,0.400652351
DeoxysDefense Forme,Psychic,Flying,600,50,70,160,70,160,90,3,True,0.73,0.400652351
DeoxysSpeed Forme,Psychic,Flying,600,50,95,90,95,90,180,3,True,0.89,0.400652351
Turtwig,Grass,Flying,318,55,68,64,45,55,31,4,False,0.08,0.446001838
Grotle,Grass,Flying,405,75,89,85,55,65,36,4,False,0.26,0.446001838
Torterra,Grass,Ground,525,95,109,105,75,85,56,4,False,0.34,0.446001838
Chimchar,Fire,Flying,309,44,58,44,58,44,61,4,False,0.37,0.44119516799999997
Monferno,Fire,Fighting,405,64,78,52,78,52,81,4,False,0.69,0.44119516799999997
Infernape,Fire,Fighting,534,76,104,71,104,71,108,4,False,0.91,0.44119516799999997
Piplup,Water,Flying,314,53,51,53,61,56,40,4,False,0.07,0.49560533
Prinplup,Water,Flying,405,64,66,68,81,76,50,4,False,0.25,0.49560533
Empoleon,Water,Steel,530,84,86,88,111,101,60,4,False,0.41,0.49560533
Starly,Normal,Flying,245,40,55,30,30,30,60,4,False,0.38,0.481158961
Staravia,Normal,Flying,340,55,75,50,40,40,80,4,False,0.61,0.481158961
Staraptor,Normal,Flying,485,85,120,70,50,60,100,4,False,0.83,0.481158961
Bidoof,Normal,Flying,250,59,45,40,35,40,31,4,False,0.16,0.481158961
Bibarel,Normal,Water,410,79,85,60,55,60,71,4,False,0.51,0.481158961
Kricketot,Bug,Flying,194,37,25,41,25,41,25,4,False,0.11,0.493884145
Kricketune,Bug,Flying,384,77,85,51,55,51,65,4,False,0.47,0.493884145
Shinx,Electric,Flying,263,45,65,34,40,34,45,4,False,0.19,0.444901316
Luxio,Electric,Flying,363,60,85,49,60,49,60,4,False,0.42,0.444901316
Luxray,Electric,Flying,523,80,120,79,95,79,70,4,False,0.59,0.444901316
Budew,Grass,Poison,280,40,30,35,50,70,55,4,False,0.29,0.446001838
Roserade,Grass,Poison,515,60,70,65,125,105,90,4,False,0.68,0.446001838
Cranidos,Rock,Flying,350,67,125,40,30,30,58,4,False,0.37,0.5190510420000001
Rampardos,Rock,Flying,495,97,165,60,65,50,58,4,False,0.33,0.5190510420000001
Shieldon,Rock,Steel,350,30,42,118,42,88,30,4,False,0.11,0.5190510420000001
Bastiodon,Rock,Steel,495,60,52,168,47,138,30,4,False,0.11,0.5190510420000001
Burmy,Bug,Flying,224,40,29,45,29,45,36,4,False,0.1,0.493884145
WormadamPlant Cloak,Bug,Grass,424,60,59,85,79,105,36,4,False,0.14,0.493884145
WormadamSandy Cloak,Bug,Ground,424,60,79,105,59,85,36,4,False,0.12,0.493884145
WormadamTrash Cloak,Bug,Steel,424,60,69,95,69,95,36,4,False,0.25,0.493884145
Mothim,Bug,Flying,424,70,94,50,94,50,66,4,False,0.47,0.493884145
Combee,Bug,Flying,244,30,30,42,30,42,70,4,False,0.35,0.493884145
Vespiquen,Bug,Flying,474,70,80,102,80,102,40,4,False,0.17,0.493884145
Pachirisu,Electric,Flying,405,60,45,70,45,90,95,4,False,0.68,0.444901316
Buizel,Water,Flying,330,55,65,35,60,30,85,4,False,0.62,0.49560533
Floatzel,Water,Flying,495,85,105,55,85,50,115,4,False,0.84,0.49560533
Cherubi,Grass,Flying,275,45,35,45,62,53,35,4,False,0.1,0.446001838
Cherrim,Grass,Flying,450,70,60,70,87,78,85,4,False,0.61,0.446001838
Shellos,Water,Flying,325,76,48,48,57,62,34,4,False,0.11,0.49560533
Gastrodon,Water,Ground,475,111,83,68,92,82,39,4,False,0.19,0.49560533
Ambipom,Normal,Flying,482,75,100,66,60,66,115,4,False,0.88,0.481158961
Drifloon,Ghost,Flying,348,90,50,34,60,44,70,4,False,0.5,0.55550074
Drifblim,Ghost,Flying,498,150,80,44,90,54,80,4,False,0.57,0.55550074
Buneary,Normal,Flying,350,55,66,44,44,56,85,4,False,0.69,0.481158961
Lopunny,Normal,Flying,480,65,76,84,54,96,105,4,False,0.91,0.481158961
LopunnyMega Lopunny,Normal,Fighting,580,65,136,94,54,96,135,4,False,0.94,0.481158961
Mismagius,Ghost,Flying,495,60,60,60,105,105,105,4,False,0.75,0.55550074
Honchkrow,Dark,Flying,505,100,125,52,105,52,71,4,False,0.47381019830028287,0.48988653200000004
Glameow,Normal,Flying,310,49,55,42,42,37,85,4,False,0.47,0.481158961
Purugly,Normal,Flying,452,71,82,64,64,59,112,4,False,0.93,0.481158961
Chingling,Psychic,Flying,285,45,30,50,65,50,45,4,False,0.12,0.400652351
Stunky,Poison,Dark,329,63,63,47,41,41,74,4,False,0.55,0.521608643
Skuntank,Poison,Dark,479,103,93,67,71,61,84,4,False,0.69,0.521608643
Bronzor,Steel,Psychic,300,57,24,86,24,86,23,4,False,0.13,0.370264064
Bronzong,Steel,Psychic,500,67,89,116,79,116,33,4,False,0.22,0.370264064
Bonsly,Rock,Flying,290,50,80,95,10,45,10,4,False,0.21,0.5190510420000001
Mime Jr.,Psychic,Fairy,310,20,25,45,70,90,60,4,False,0.32,0.400652351
Happiny,Normal,Flying,220,100,5,5,15,65,30,4,False,0.0,0.481158961
Chatot,Normal,Flying,411,76,65,45,92,42,91,4,False,0.72,0.481158961
Spiritomb,Ghost,Dark,485,50,92,108,92,108,35,4,False,0.22,0.55550074
Gible,Dragon,Ground,300,58,70,45,40,45,42,4,False,0.21,0.5224609379999999
Gabite,Dragon,Ground,410,68,90,65,50,55,82,4,False,0.59,0.5224609379999999
Garchomp,Dragon,Ground,600,108,130,95,80,85,102,4,False,0.75,0.5224609379999999
GarchompMega Garchomp,Dragon,Ground,700,108,170,115,120,95,92,4,False,0.68,0.5224609379999999
Munchlax,Normal,Flying,390,135,85,40,40,85,5,4,False,0.73,0.481158961
Riolu,Fighting,Flying,285,40,70,40,35,40,60,4,False,0.3,0.474695708
Lucario,Fighting,Steel,525,70,110,70,115,70,90,4,False,0.73,0.474695708
LucarioMega Lucario,Fighting,Steel,625,70,145,88,140,70,112,4,False,0.86,0.474695708
Hippopotas,Ground,Flying,330,68,72,78,38,42,32,4,False,0.23,0.447482014
Hippowdon,Ground,Flying,525,108,112,118,68,72,47,4,False,0.24,0.447482014
Skorupi,Poison,Bug,330,40,50,90,30,55,65,4,False,0.48,0.521608643
Drapion,Poison,Dark,500,70,90,110,60,75,95,4,False,0.7,0.521608643
Croagunk,Poison,Fighting,300,48,61,40,61,40,50,4,False,0.23,0.521608643
Toxicroak,Poison,Fighting,490,83,106,65,86,65,85,4,False,0.6,0.521608643
Carnivine,Grass,Flying,454,74,100,72,90,72,46,4,False,0.24,0.446001838
Finneon,Water,Flying,330,49,49,56,49,61,66,4,False,0.49,0.49560533
Lumineon,Water,Flying,460,69,69,76,69,86,91,4,False,0.66,0.49560533
Mantyke,Water,Flying,345,45,20,50,60,120,50,4,False,0.3,0.49560533
Snover,Grass,Ice,334,60,62,50,62,60,40,4,False,0.13,0.446001838
Abomasnow,Grass,Ice,494,90,92,75,92,85,60,4,False,0.49,0.446001838
AbomasnowMega Abomasnow,Grass,Ice,594,90,132,105,132,105,30,4,False,0.44,0.446001838
Weavile,Dark,Ice,510,70,120,65,45,85,125,4,False,0.97,0.48988653200000004
Magnezone,Electric,Steel,535,70,70,115,130,90,60,4,False,0.46,0.444901316
Lickilicky,Normal,Flying,515,110,85,95,80,95,50,4,False,0.24,0.481158961
Rhyperior,Ground,Rock,535,115,140,130,55,55,40,4,False,0.5,0.447482014
Tangrowth,Grass,Flying,535,100,100,125,110,50,50,4,False,0.42,0.446001838
Electivire,Electric,Flying,540,75,123,67,95,85,95,4,False,0.77,0.444901316
Magmortar,Fire,Flying,540,75,95,67,125,95,83,4,False,0.72,0.44119516799999997
Togekiss,Fairy,Flying,545,85,50,95,120,115,80,4,False,0.52,0.363224638
Yanmega,Bug,Flying,515,86,76,86,116,56,95,4,False,0.85,0.493884145
Leafeon,Grass,Flying,525,65,110,130,60,65,95,4,False,0.85,0.446001838
Glaceon,Ice,Flying,525,65,60,110,130,95,65,4,False,0.49,0.463465553
Gliscor,Ground,Flying,510,75,95,125,45,75,95,4,False,0.87,0.447482014
Mamoswine,Ice,Ground,530,110,130,80,70,60,80,4,False,0.63,0.463465553
Porygon-Z,Normal,Flying,535,85,80,70,135,75,90,4,False,0.55,0.481158961
Gallade,Psychic,Fighting,518,68,125,65,65,115,80,4,False,0.64,0.400652351
GalladeMega Gallade,Psychic,Fighting,618,68,165,95,65,115,110,4,False,0.86,0.400652351
Probopass,Rock,Steel,525,60,55,145,75,150,40,4,False,0.17,0.5190510420000001
Dusknoir,Ghost,Flying,525,45,100,135,65,135,45,4,False,0.21,0.55550074
Froslass,Ice,Ghost,480,70,80,70,80,70,110,4,False,0.35,0.463465553
Rotom,Electric,Ghost,440,50,50,77,95,77,91,4,False,0.35,0.444901316
RotomHeat Rotom,Electric,Fire,520,50,65,107,105,107,86,4,False,0.69,0.444901316
RotomWash Rotom,Electric,Water,520,50,65,107,105,107,86,4,False,0.78,0.444901316
RotomFrost Rotom,Electric,Ice,520,50,65,107,105,107,86,4,False,0.67,0.444901316
RotomFan Rotom,Electric,Flying,520,50,65,107,105,107,86,4,False,0.71,0.444901316
RotomMow Rotom,Electric,Grass,520,50,65,107,105,107,86,4,False,0.79,0.444901316
Uxie,Psychic,Flying,580,75,75,130,75,130,95,4,True,0.73,0.400652351
Mesprit,Psychic,Flying,580,80,105,105,105,105,80,4,True,0.51,0.400652351
Azelf,Psychic,Flying,580,75,125,70,125,70,115,4,True,0.86,0.400652351
Dialga,Steel,Dragon,680,100,120,120,150,100,90,4,True,0.73,0.370264064
Palkia,Water,Dragon,680,90,120,100,150,120,100,4,True,0.76,0.49560533
Heatran,Fire,Steel,600,91,90,106,130,106,77,4,True,0.64,0.44119516799999997
Regigigas,Normal,Flying,670,110,160,110,80,110,100,4,True,0.8,0.481158961
GiratinaAltered Forme,Ghost,Dragon,680,150,100,120,100,120,90,4,True,0.56,0.55550074
GiratinaOrigin Forme,Ghost,Dragon,680,150,120,100,120,100,90,4,True,0.58,0.55550074
Cresselia,Psychic,Flying,600,120,70,120,75,130,85,4,False,0.69,0.400652351
Phione,Water,Flying,480,80,80,80,80,80,80,4,False,0.48,0.49560533
Manaphy,Water,Flying,600,100,100,100,100,100,100,4,False,0.86,0.49560533
Darkrai,Dark,Flying,600,70,90,90,135,90,125,4,True,0.93,0.48988653200000004
ShayminLand Forme,Grass,Flying,600,100,100,100,100,100,100,4,True,0.8,0.446001838
ShayminSky Forme,Grass,Flying,600,100,103,75,120,75,127,4,True,0.94,0.446001838
Arceus,Normal,Flying,720,120,120,120,120,120,120,4,True,0.92,0.481158961
Victini,Psychic,Fire,600,100,100,100,100,100,100,5,True,0.89,0.400652351
Snivy,Grass,Flying,308,45,45,55,45,55,63,5,False,0.44,0.446001838
Servine,Grass,Flying,413,60,60,75,60,75,83,5,False,0.47381019830028287,0.446001838
Serperior,Grass,Flying,528,75,75,95,75,95,113,5,False,0.85,0.446001838
Tepig,Fire,Flying,308,65,63,45,45,45,45,5,False,0.27,0.44119516799999997
Pignite,Fire,Fighting,418,90,93,55,70,55,55,5,False,0.37,0.44119516799999997
Emboar,Fire,Fighting,528,110,123,65,100,65,65,5,False,0.45,0.44119516799999997
Oshawott,Water,Flying,308,55,55,45,63,45,45,5,False,0.22,0.49560533
Dewott,Water,Flying,413,75,75,60,83,60,60,5,False,0.29,0.49560533
Samurott,Water,Flying,528,95,100,85,108,70,70,5,False,0.58,0.49560533
Patrat,Normal,Flying,255,45,55,39,35,39,42,5,False,0.15,0.481158961
Watchog,Normal,Flying,420,60,85,69,60,69,77,5,False,0.55,0.481158961
Lillipup,Normal,Flying,275,45,60,45,25,45,55,5,False,0.29,0.481158961
Herdier,Normal,Flying,370,65,80,65,35,65,60,5,False,0.38,0.481158961
Stoutland,Normal,Flying,500,85,110,90,45,90,80,5,False,0.61,0.481158961
Purrloin,Dark,Flying,281,41,50,37,50,37,66,5,False,0.56,0.48988653200000004
Liepard,Dark,Flying,446,64,88,50,88,50,106,5,False,0.94,0.48988653200000004
Pansage,Grass,Flying,316,50,53,48,53,48,64,5,False,0.37,0.446001838
Simisage,Grass,Flying,498,75,98,63,98,63,101,5,False,0.8,0.446001838
Pansear,Fire,Flying,316,50,53,48,53,48,64,5,False,0.43,0.44119516799999997
Simisear,Fire,Flying,498,75,98,63,98,63,101,5,False,0.87,0.44119516799999997
Panpour,Water,Flying,316,50,53,48,53,48,64,5,False,0.37,0.49560533
Simipour,Water,Flying,498,75,98,63,98,63,101,5,False,0.82,0.49560533
Munna,Psychic,Flying,292,76,25,45,67,55,24,5,False,0.0,0.400652351
Musharna,Psychic,Flying,487,116,55,85,107,95,29,5,False,0.03,0.400652351
Pidove,Normal,Flying,264,50,55,50,36,30,43,5,False,0.23,0.481158961
Tranquill,Normal,Flying,358,62,77,62,50,42,65,5,False,0.43,0.481158961
Unfezant,Normal,Flying,488,80,115,80,65,55,93,5,False,0.73,0.481158961
Blitzle,Electric,Flying,295,45,60,32,50,32,76,5,False,0.63,0.444901316
Zebstrika,Electric,Flying,497,75,100,63,80,63,116,5,False,0.9,0.444901316
Roggenrola,Rock,Flying,280,55,75,85,25,25,15,5,False,0.15,0.5190510420000001
Boldore,Rock,Flying,390,70,105,105,50,40,20,5,False,0.29,0.5190510420000001
Gigalith,Rock,Flying,515,85,135,130,60,80,25,5,False,0.35,0.5190510420000001
Woobat,Psychic,Flying,313,55,45,43,55,43,72,5,False,0.59,0.400652351
Swoobat,Psychic,Flying,425,67,57,55,77,55,114,5,False,0.84,0.400652351
Drilbur,Ground,Flying,328,60,85,40,30,45,68,5,False,0.6,0.447482014
Excadrill,Ground,Steel,508,110,135,60,50,65,88,5,False,0.72,0.447482014
Audino,Normal,Flying,445,103,60,86,60,86,50,5,False,0.38,0.481158961
AudinoMega Audino,Normal,Fairy,545,103,60,126,80,126,50,5,False,0.3,0.481158961
Timburr,Fighting,Flying,305,75,80,55,25,35,35,5,False,0.14,0.474695708
Gurdurr,Fighting,Flying,405,85,105,85,40,50,40,5,False,0.13,0.474695708
Conkeldurr,Fighting,Flying,505,105,140,95,55,65,45,5,False,0.37,0.474695708
Tympole,Water,Flying,294,50,50,40,50,40,64,5,False,0.43,0.49560533
Palpitoad,Water,Ground,384,75,65,55,65,55,69,5,False,0.39,0.49560533
Seismitoad,Water,Ground,509,105,95,75,85,75,74,5,False,0.55,0.49560533
Throh,Fighting,Flying,465,120,100,85,30,85,45,5,False,0.14,0.474695708
Sawk,Fighting,Flying,465,75,125,75,30,75,85,5,False,0.6,0.474695708
Sewaddle,Bug,Grass,310,45,53,70,40,60,42,5,False,0.14,0.493884145
Swadloon,Bug,Grass,380,55,63,90,50,80,42,5,False,0.18,0.493884145
Leavanny,Bug,Grass,500,75,103,80,70,80,92,5,False,0.82,0.493884145
Venipede,Bug,Poison,260,30,45,59,30,39,57,5,False,0.18,0.493884145
Whirlipede,Bug,Poison,360,40,55,99,40,79,47,5,False,0.3,0.493884145
Scolipede,Bug,Poison,485,60,100,89,55,69,112,5,False,0.89,0.493884145
Cottonee,Grass,Fairy,280,40,27,60,37,50,66,5,False,0.37,0.446001838
Whimsicott,Grass,Fairy,480,60,67,85,77,75,116,5,False,0.88,0.446001838
Petilil,Grass,Flying,280,45,35,50,70,50,30,5,False,0.14,0.446001838
Lilligant,Grass,Flying,480,70,60,75,110,75,90,5,False,0.71,0.446001838
Basculin,Water,Flying,460,70,92,65,80,55,98,5,False,0.83,0.49560533
Sandile,Ground,Dark,292,50,72,35,35,35,65,5,False,0.56,0.447482014
Krokorok,Ground,Dark,351,60,82,45,45,45,74,5,False,0.61,0.447482014
Krookodile,Ground,Dark,519,95,117,80,65,70,92,5,False,0.89,0.447482014
Darumaka,Fire,Flying,315,70,90,45,15,45,50,5,False,0.29,0.44119516799999997
DarmanitanStandard Mode,Fire,Flying,480,105,140,55,30,55,95,5,False,0.79,0.44119516799999997
DarmanitanZen Mode,Fire,Psychic,540,105,30,105,140,105,55,5,False,0.39,0.44119516799999997
Maractus,Grass,Flying,461,75,86,67,106,67,60,5,False,0.47381019830028287,0.446001838
Dwebble,Bug,Rock,325,50,65,85,35,35,55,5,False,0.24,0.493884145
Crustle,Bug,Rock,475,70,95,125,65,75,45,5,False,0.26,0.493884145
Scraggy,Dark,Fighting,348,50,75,70,35,70,48,5,False,0.34,0.48988653200000004
Scrafty,Dark,Fighting,488,65,90,115,45,115,58,5,False,0.48,0.48988653200000004
Sigilyph,Psychic,Flying,490,72,58,80,103,80,97,5,False,0.7,0.400652351
Yamask,Ghost,Flying,303,38,30,85,55,65,30,5,False,0.06,0.55550074
Cofagrigus,Ghost,Flying,483,58,50,145,95,105,30,5,False,0.11,0.55550074
Tirtouga,Water,Rock,355,54,78,103,53,45,22,5,False,0.18,0.49560533
Carracosta,Water,Rock,495,74,108,133,83,65,32,5,False,0.31,0.49560533
Archen,Rock,Flying,401,55,112,45,74,45,70,5,False,0.55,0.5190510420000001
Archeops,Rock,Flying,567,75,140,65,112,65,110,5,False,0.9,0.5190510420000001
Trubbish,Poison,Flying,329,50,50,62,40,62,65,5,False,0.37,0.521608643
Garbodor,Poison,Flying,474,80,95,82,60,82,75,5,False,0.55,0.521608643
Zorua,Dark,Flying,330,40,65,40,80,40,65,5,False,0.48,0.48988653200000004
Zoroark,Dark,Flying,510,60,105,60,120,60,105,5,False,0.91,0.48988653200000004
Minccino,Normal,Flying,300,55,50,40,40,40,75,5,False,0.55,0.481158961
Cinccino,Normal,Flying,470,75,95,60,65,60,115,5,False,0.81,0.481158961
Gothita,Psychic,Flying,290,45,30,50,55,65,45,5,False,0.14,0.400652351
Gothorita,Psychic,Flying,390,60,45,70,75,85,55,5,False,0.3,0.400652351
Gothitelle,Psychic,Flying,490,70,55,95,95,110,65,5,False,0.42,0.400652351
Solosis,Psychic,Flying,290,45,30,40,105,50,20,5,False,0.01,0.400652351
Duosion,Psychic,Flying,370,65,40,50,125,60,30,5,False,0.08,0.400652351
Reuniclus,Psychic,Flying,490,110,65,75,125,85,30,5,False,0.12,0.400652351
Ducklett,Water,Flying,305,62,44,50,44,50,55,5,False,0.34,0.49560533
Swanna,Water,Flying,473,75,87,63,87,63,98,5,False,0.86,0.49560533
Vanillite,Ice,Flying,305,36,50,50,65,60,44,5,False,0.19,0.463465553
Vanillish,Ice,Flying,395,51,65,65,80,75,59,5,False,0.42,0.463465553
Vanilluxe,Ice,Flying,535,71,95,85,110,95,79,5,False,0.66,0.463465553
Deerling,Normal,Grass,335,60,60,50,40,50,75,5,False,0.61,0.481158961
Sawsbuck,Normal,Grass,475,80,100,70,60,70,95,5,False,0.73,0.481158961
Emolga,Electric,Flying,428,55,75,60,75,60,103,5,False,0.84,0.444901316
Karrablast,Bug,Flying,315,50,75,45,40,45,60,5,False,0.31,0.493884145
Escavalier,Bug,Steel,495,70,135,105,60,105,20,5,False,0.53,0.493884145
Foongus,Grass,Poison,294,69,55,45,55,55,15,5,False,0.12,0.446001838
Amoonguss,Grass,Poison,464,114,85,70,85,80,30,5,False,0.16,0.446001838
Frillish,Water,Ghost,335,55,40,50,65,85,40,5,False,0.13,0.49560533
Jellicent,Water,Ghost,480,100,60,70,85,105,60,5,False,0.47381019830028287,0.49560533
Alomomola,Water,Flying,470,165,75,80,40,45,65,5,False,0.44,0.49560533
Joltik,Bug,Electric,319,50,47,50,57,50,65,5,False,0.45,0.493884145
Galvantula,Bug,Electric,472,70,77,60,97,60,108,5,False,0.83,0.493884145
Ferroseed,Grass,Steel,305,44,50,91,24,86,10,5,False,0.12,0.446001838
Ferrothorn,Grass,Steel,489,74,94,131,54,116,20,5,False,0.42,0.446001838
Klink,Steel,Flying,300,40,55,70,45,60,30,5,False,0.07,0.370264064
Klang,Steel,Flying,440,60,80,95,70,85,50,5,False,0.19,0.370264064
Klinklang,Steel,Flying,520,60,100,115,70,85,90,5,False,0.77,0.370264064
Tynamo,Electric,Flying,275,35,55,40,45,40,60,5,False,0.33,0.444901316
Eelektrik,Electric,Flying,405,65,85,70,75,70,40,5,False,0.19,0.444901316
Eelektross,Electric,Flying,515,85,115,80,105,80,50,5,False,0.33,0.444901316
Elgyem,Psychic,Flying,335,55,55,55,85,55,30,5,False,0.11,0.400652351
Beheeyem,Psychic,Flying,485,75,75,75,125,95,40,5,False,0.15,0.400652351
Litwick,Ghost,Fire,275,50,30,55,65,55,20,5,False,0.04,0.55550074
Lampent,Ghost,Fire,370,60,40,60,95,60,55,5,False,0.28,0.55550074
Chandelure,Ghost,Fire,520,60,55,90,145,90,80,5,False,0.53,0.55550074
Axew,Dragon,Flying,320,46,87,60,30,40,57,5,False,0.44,0.5224609379999999
Fraxure,Dragon,Flying,410,66,117,70,40,50,67,5,False,0.45,0.5224609379999999
Haxorus,Dragon,Flying,540,76,147,90,60,70,97,5,False,0.84,0.5224609379999999
Cubchoo,Ice,Flying,305,55,70,40,60,40,40,5,False,0.27,0.463465553
Beartic,Ice,Flying,485,95,110,80,70,80,50,5,False,0.33,0.463465553
Cryogonal,Ice,Flying,485,70,50,30,95,135,105,5,False,0.77,0.463465553
Shelmet,Bug,Flying,305,50,40,85,40,65,25,5,False,0.1,0.493884145
Accelgor,Bug,Flying,495,80,70,40,100,60,145,5,False,0.92,0.493884145
Stunfisk,Ground,Electric,471,109,66,84,81,99,32,5,False,0.25,0.447482014
Mienfoo,Fighting,Flying,350,45,85,50,55,50,65,5,False,0.51,0.474695708
Mienshao,Fighting,Flying,510,65,125,60,95,60,105,5,False,0.94,0.474695708
Druddigon,Dragon,Flying,485,77,120,90,60,90,48,5,False,0.25,0.5224609379999999
Golett,Ground,Ghost,303,59,74,50,35,50,35,5,False,0.07,0.447482014
Golurk,Ground,Ghost,483,89,124,80,55,80,55,5,False,0.27,0.447482014
Pawniard,Dark,Steel,340,45,85,70,40,40,60,5,False,0.43,0.48988653200000004
Bisharp,Dark,Steel,490,65,125,100,60,70,70,5,False,0.62,0.48988653200000004
Bouffalant,Normal,Flying,490,95,110,95,40,95,55,5,False,0.38,0.481158961
Rufflet,Normal,Flying,350,70,83,50,37,50,60,5,False,0.25,0.481158961
Braviary,Normal,Flying,510,100,123,75,57,75,80,5,False,0.71,0.481158961
Vullaby,Dark,Flying,370,70,55,75,45,65,60,5,False,0.46,0.48988653200000004
Mandibuzz,Dark,Flying,510,110,65,105,55,95,80,5,False,0.73,0.48988653200000004
Heatmor,Fire,Flying,484,85,97,66,105,66,65,5,False,0.4,0.44119516799999997
Durant,Bug,Steel,484,58,109,112,48,48,109,5,False,0.88,0.493884145
Deino,Dark,Dragon,300,52,65,50,45,50,38,5,False,0.27,0.48988653200000004
Zweilous,Dark,Dragon,420,72,85,70,65,70,58,5,False,0.33,0.48988653200000004
Hydreigon,Dark,Dragon,600,92,105,90,125,90,98,5,False,0.77,0.48988653200000004
Larvesta,Bug,Fire,360,55,85,55,50,55,60,5,False,0.49,0.493884145
Volcarona,Bug,Fire,550,85,60,65,135,105,100,5,False,0.72,0.493884145
Cobalion,Steel,Fighting,580,91,90,129,90,72,108,5,True,0.93,0.370264064
Terrakion,Rock,Fighting,580,91,129,90,72,90,108,5,True,0.82,0.5190510420000001
Virizion,Grass,Fighting,580,91,90,72,90,129,108,5,True,0.91,0.446001838
TornadusIncarnate Forme,Flying,Flying,580,79,115,70,125,80,111,5,True,0.84,0.49748743700000003
TornadusTherian Forme,Flying,Flying,580,79,100,80,110,90,121,5,True,0.95,0.49748743700000003
ThundurusIncarnate Forme,Electric,Flying,580,79,115,70,125,80,111,5,True,0.92,0.444901316
ThundurusTherian Forme,Electric,Flying,580,79,105,70,145,80,101,5,True,0.89,0.444901316
Reshiram,Dragon,Fire,680,100,120,100,150,120,90,5,True,0.69,0.5224609379999999
Zekrom,Dragon,Electric,680,100,150,120,120,100,90,5,True,0.58,0.5224609379999999
LandorusIncarnate Forme,Ground,Flying,600,89,125,90,115,80,101,5,True,0.9,0.447482014
LandorusTherian Forme,Ground,Flying,600,89,145,90,105,80,91,5,True,0.88,0.447482014
Kyurem,Dragon,Ice,660,125,130,90,130,90,95,5,True,0.67,0.5224609379999999
KyuremBlack Kyurem,Dragon,Ice,700,125,170,100,120,90,95,5,True,0.77,0.5224609379999999
KyuremWhite Kyurem,Dragon,Ice,700,125,120,90,170,100,95,5,True,0.74,0.5224609379999999
KeldeoOrdinary Forme,Water,Fighting,580,91,72,90,129,90,108,5,False,0.88,0.49560533
KeldeoResolute Forme,Water,Fighting,580,91,72,90,129,90,108,5,False,0.94,0.49560533
MeloettaAria Forme,Normal,Psychic,600,100,77,77,128,128,90,5,False,0.59,0.481158961
MeloettaPirouette Forme,Normal,Fighting,600,100,128,90,77,77,128,5,False,0.94,0.481158961
Genesect,Bug,Steel,600,71,120,95,120,95,99,5,False,0.78,0.493884145
Chespin,Grass,Flying,313,56,61,65,48,45,38,6,False,0.15,0.446001838
Quilladin,Grass,Flying,405,61,78,95,56,58,57,6,False,0.49,0.446001838
Chesnaught,Grass,Fighting,530,88,107,122,74,75,64,6,False,0.48,0.446001838
Fennekin,Fire,Flying,307,40,45,40,62,60,60,6,False,0.47381019830028287,0.44119516799999997
Braixen,Fire,Flying,409,59,59,58,90,70,73,6,False,0.47381019830028287,0.44119516799999997
Delphox,Fire,Psychic,534,75,69,72,114,100,104,6,False,0.47381019830028287,0.44119516799999997
Froakie,Water,Flying,314,41,56,40,62,44,71,6,False,0.47381019830028287,0.49560533
Frogadier,Water,Flying,405,54,63,52,83,56,97,6,False,0.47381019830028287,0.49560533
Greninja,Water,Dark,530,72,95,67,103,71,122,6,False,0.47381019830028287,0.49560533
Bunnelby,Normal,Flying,237,38,36,38,32,36,57,6,False,0.47381019830028287,0.481158961
Diggersby,Normal,Ground,423,85,56,77,50,77,78,6,False,0.47381019830028287,0.481158961
Fletchling,Normal,Flying,278,45,50,43,40,38,62,6,False,0.47381019830028287,0.481158961
Fletchinder,Fire,Flying,382,62,73,55,56,52,84,6,False,0.47381019830028287,0.44119516799999997
Talonflame,Fire,Flying,499,78,81,71,74,69,126,6,False,0.47381019830028287,0.44119516799999997
Scatterbug,Bug,Flying,200,38,35,40,27,25,35,6,False,0.47381019830028287,0.493884145
Spewpa,Bug,Flying,213,45,22,60,27,30,29,6,False,0.47381019830028287,0.493884145
Vivillon,Bug,Flying,411,80,52,50,90,50,89,6,False,0.47381019830028287,0.493884145
Litleo,Fire,Normal,369,62,50,58,73,54,72,6,False,0.47381019830028287,0.44119516799999997
Pyroar,Fire,Normal,507,86,68,72,109,66,106,6,False,0.47381019830028287,0.44119516799999997
Flabébé,Fairy,Flying,303,44,38,39,61,79,42,6,False,0.47381019830028287,0.363224638
Floette,Fairy,Flying,371,54,45,47,75,98,52,6,False,0.47381019830028287,0.363224638
Florges,Fairy,Flying,552,78,65,68,112,154,75,6,False,0.47381019830028287,0.363224638
Skiddo,Grass,Flying,350,66,65,48,62,57,52,6,False,0.47381019830028287,0.446001838
Gogoat,Grass,Flying,531,123,100,62,97,81,68,6,False,0.47381019830028287,0.446001838
Pancham,Fighting,Flying,348,67,82,62,46,48,43,6,False,0.47381019830028287,0.474695708
Pangoro,Fighting,Dark,495,95,124,78,69,71,58,6,False,0.47381019830028287,0.474695708
Furfrou,Normal,Flying,472,75,80,60,65,90,102,6,False,0.47381019830028287,0.481158961
Espurr,Psychic,Flying,355,62,48,54,63,60,68,6,False,0.47381019830028287,0.400652351
MeowsticMale,Psychic,Flying,466,74,48,76,83,81,104,6,False,0.47381019830028287,0.400652351
MeowsticFemale,Psychic,Flying,466,74,48,76,83,81,104,6,False,0.47381019830028287,0.400652351
Honedge,Steel,Ghost,325,45,80,100,35,37,28,6,False,0.47381019830028287,0.370264064
Doublade,Steel,Ghost,448,59,110,150,45,49,35,6,False,0.47381019830028287,0.370264064
AegislashBlade Forme,Steel,Ghost,520,60,150,50,150,50,60,6,False,0.47381019830028287,0.370264064
AegislashShield Forme,Steel,Ghost,520,60,50,150,50,150,60,6,False,0.47381019830028287,0.370264064
Spritzee,Fairy,Flying,341,78,52,60,63,65,23,6,False,0.47381019830028287,0.363224638
Aromatisse,Fairy,Flying,462,101,72,72,99,89,29,6,False,0.47381019830028287,0.363224638
Swirlix,Fairy,Flying,341,62,48,66,59,57,49,6,False,0.47381019830028287,0.363224638
Slurpuff,Fairy,Flying,480,82,80,86,85,75,72,6,False,0.47381019830028287,0.363224638
Inkay,Dark,Psychic,288,53,54,53,37,46,45,6,False,0.47381019830028287,0.48988653200000004
Malamar,Dark,Psychic,482,86,92,88,68,75,73,6,False,0.47381019830028287,0.48988653200000004
Binacle,Rock,Water,306,42,52,67,39,56,50,6,False,0.47381019830028287,0.5190510420000001
Barbaracle,Rock,Water,500,72,105,115,54,86,68,6,False,0.47381019830028287,0.5190510420000001
Skrelp,Poison,Water,320,50,60,60,60,60,30,6,False,0.47381019830028287,0.521608643
Dragalge,Poison,Dragon,494,65,75,90,97,123,44,6,False,0.47381019830028287,0.521608643
Clauncher,Water,Flying,330,50,53,62,58,63,44,6,False,0.47381019830028287,0.49560533
Clawitzer,Water,Flying,500,71,73,88,120,89,59,6,False,0.47381019830028287,0.49560533
Helioptile,Electric,Normal,289,44,38,33,61,43,70,6,False,0.47381019830028287,0.444901316
Heliolisk,Electric,Normal,481,62,55,52,109,94,109,6,False,0.47381019830028287,0.444901316
Tyrunt,Rock,Dragon,362,58,89,77,45,45,48,6,False,0.47381019830028287,0.5190510420000001
Tyrantrum,Rock,Dragon,521,82,121,119,69,59,71,6,False,0.47381019830028287,0.5190510420000001
Amaura,Rock,Ice,362,77,59,50,67,63,46,6,False,0.47381019830028287,0.5190510420000001
Aurorus,Rock,Ice,521,123,77,72,99,92,58,6,False,0.47381019830028287,0.5190510420000001
Sylveon,Fairy,Flying,525,95,65,65,110,130,60,6,False,0.47381019830028287,0.363224638
Hawlucha,Fighting,Flying,500,78,92,75,74,63,118,6,False,0.47381019830028287,0.474695708
Dedenne,Electric,Fairy,431,67,58,57,81,67,101,6,False,0.47381019830028287,0.444901316
Carbink,Rock,Fairy,500,50,50,150,50,150,50,6,False,0.47381019830028287,0.5190510420000001
Goomy,Dragon,Flying,300,45,50,35,55,75,40,6,False,0.47381019830028287,0.5224609379999999
Sliggoo,Dragon,Flying,452,68,75,53,83,113,60,6,False,0.47381019830028287,0.5224609379999999
Goodra,Dragon,Flying,600,90,100,70,110,150,80,6,False,0.47381019830028287,0.5224609379999999
Klefki,Steel,Fairy,470,57,80,91,80,87,75,6,False,0.47381019830028287,0.370264064
Phantump,Ghost,Grass,309,43,70,48,50,60,38,6,False,0.47381019830028287,0.55550074
Trevenant,Ghost,Grass,474,85,110,76,65,82,56,6,False,0.47381019830028287,0.55550074
PumpkabooAverage Size,Ghost,Grass,335,49,66,70,44,55,51,6,False,0.47381019830028287,0.55550074
PumpkabooSmall Size,Ghost,Grass,335,44,66,70,44,55,56,6,False,0.47381019830028287,0.55550074
PumpkabooLarge Size,Ghost,Grass,335,54,66,70,44,55,46,6,False,0.47381019830028287,0.55550074
PumpkabooSuper Size,Ghost,Grass,335,59,66,70,44,55,41,6,False,0.47381019830028287,0.55550074
GourgeistAverage Size,Ghost,Grass,494,65,90,122,58,75,84,6,False,0.47381019830028287,0.55550074
GourgeistSmall Size,Ghost,Grass,494,55,85,122,58,75,99,6,False,0.47381019830028287,0.55550074
GourgeistLarge Size,Ghost,Grass,494,75,95,122,58,75,69,6,False,0.47381019830028287,0.55550074
GourgeistSuper Size,Ghost,Grass,494,85,100,122,58,75,54,6,False,0.47381019830028287,0.55550074
Bergmite,Ice,Flying,304,55,69,85,32,35,28,6,False,0.47381019830028287,0.463465553
Avalugg,Ice,Flying,514,95,117,184,44,46,28,6,False,0.47381019830028287,0.463465553
Noibat,Flying,Dragon,245,40,30,35,45,40,55,6,False,0.47381019830028287,0.49748743700000003
Noivern,Flying,Dragon,535,85,70,80,97,80,123,6,False,0.47381019830028287,0.49748743700000003
Xerneas,Fairy,Flying,680,126,131,95,131,98,99,6,True,0.47381019830028287,0.363224638
Yveltal,Dark,Flying,680,126,131,95,131,98,99,6,True,0.47381019830028287,0.48988653200000004
Zygarde50% Forme,Dragon,Ground,600,108,100,121,81,95,95,6,True,0.47381019830028287,0.5224609379999999
Diancie,Rock,Fairy,600,50,100,150,100,150,50,6,True,0.47381019830028287,0.5190510420000001
DiancieMega Diancie,Rock,Fairy,700,50,160,110,160,110,110,6,True,0.47381019830028287,0.5190510420000001
HoopaHoopa Confined,Psychic,Ghost,600,80,110,60,150,130,70,6,True,0.47381019830028287,0.400652351
HoopaHoopa Unbound,Psychic,Dark,680,80,160,60,170,130,80,6,True,0.47381019830028287,0.400652351
Volcanion,Fire,Water,600,80,110,120,130,90,70,6,True,0.47381019830028287,0.44119516799999997
